customerId,customerName,customerContactNo,customerAddress,age
1,Prity Singh,9100000001,"Address_1, City_1, India",17
2,Customer_2,9100000002,"Address_2, City_2, India",22
3,Customer_3,9100000003,"Address_3, City_3, India",23
4,Customer_4,9100000004,"Address_4, City_4, India",24
5,Customer_5,9100000005,"Address_5, City_5, India",25
6,Customer_6,9100000006,"Address_6, City_6, India",26
7,Customer_7,9100000007,"Address_7, City_7, India",27
8,Customer_8,9100000008,"Address_8, City_8, India",28
9,Customer_9,9100000009,"Address_9, City_9, India",29
10,Customer_10,9100000010,"Address_10, City_0, India",30
11,Customer_11,9100000011,"Address_11, City_1, India",31
12,Customer_12,9100000012,"Address_12, City_2, India",32
13,Customer_13,9100000013,"Address_13, City_3, India",33
14,Customer_14,9100000014,"Address_14, City_4, India",34
15,Customer_15,9100000015,"Address_15, City_5, India",35
16,Customer_16,9100000016,"Address_16, City_6, India",36
17,Customer_17,9100000017,"Address_17, City_7, India",37
18,Customer_18,9100000018,"Address_18, City_8, India",38
19,Customer_19,9100000019,"Address_19, City_9, India",39
20,Customer_20,9100000020,"Address_20, City_0, India",40
21,Customer_21,9100000021,"Address_21, City_1, India",41
22,Customer_22,9100000022,"Address_22, City_2, India",42
23,Customer_23,9100000023,"Address_23, City_3, India",43
24,Customer_24,9100000024,"Address_24, City_4, India",44
25,Anitm Sinha,9100000025,"Address_25, City_5, India",16
26,Customer_26,9100000026,"Address_26, City_6, India",46
27,Customer_27,9100000027,"Address_27, City_7, India",47
28,Customer_28,9100000028,"Address_28, City_8, India",48
29,Customer_29,9100000029,"Address_29, City_9, India",49
30,Customer_30,9100000030,"Address_30, City_0, India",20
31,Customer_31,9100000031,"Address_31, City_1, India",21
32,Customer_32,9100000032,"Address_32, City_2, India",22
33,Customer_33,9100000033,"Address_33, City_3, India",23
34,Customer_34,9100000034,"Address_34, City_4, India",24
35,Customer_35,9100000035,"Address_35, City_5, India",25
36,Customer_36,9100000036,"Address_36, City_6, India",26
37,Customer_37,9100000037,"Address_37, City_7, India",27
38,Customer_38,9100000038,"Address_38, City_8, India",28
39,Customer_39,9100000039,"Address_39, City_9, India",29
40,Customer_40,9100000040,"Address_40, City_0, India",30
41,Customer_41,9100000041,"Address_41, City_1, India",31
42,Customer_42,9100000042,"Address_42, City_2, India",32
43,Customer_43,9100000043,"Address_43, City_3, India",33
44,Customer_44,9100000044,"Address_44, City_4, India",34
45,Customer_45,9100000045,"Address_45, City_5, India",35
46,Customer_46,9100000046,"Address_46, City_6, India",36
47,Customer_47,9100000047,"Address_47, City_7, India",37
48,Customer_48,9100000048,"Address_48, City_8, India",38
49,Customer_49,9100000049,"Address_49, City_9, India",39
50,Sherya Bhaskar,9100000050,"Address_50, City_0, India",16
51,Customer_51,9100000051,"Address_51, City_1, India",41
52,Customer_52,9100000052,"Address_52, City_2, India",42
53,Customer_53,9100000053,"Address_53, City_3, India",43
54,Customer_54,9100000054,"Address_54, City_4, India",44
55,Customer_55,9100000055,"Address_55, City_5, India",45
56,Customer_56,9100000056,"Address_56, City_6, India",46
57,Customer_57,9100000057,"Address_57, City_7, India",47
58,Customer_58,9100000058,"Address_58, City_8, India",48
59,Customer_59,9100000059,"Address_59, City_9, India",49
60,Customer_60,9100000060,"Address_60, City_0, India",20
61,Customer_61,9100000061,"Address_61, City_1, India",21
62,Customer_62,9100000062,"Address_62, City_2, India",22
63,Customer_63,9100000063,"Address_63, City_3, India",23
64,Customer_64,9100000064,"Address_64, City_4, India",24
65,Customer_65,9100000065,"Address_65, City_5, India",25
66,Customer_66,9100000066,"Address_66, City_6, India",26
67,Customer_67,9100000067,"Address_67, City_7, India",27
68,Customer_68,9100000068,"Address_68, City_8, India",28
69,Customer_69,9100000069,"Address_69, City_9, India",29
70,Customer_70,9100000070,"Address_70, City_0, India",30
71,Customer_71,9100000071,"Address_71, City_1, India",31
72,Customer_72,9100000072,"Address_72, City_2, India",32
73,Customer_73,9100000073,"Address_73, City_3, India",33
74,Customer_74,9100000074,"Address_74, City_4, India",34
75,Customer_75,9100000075,"Address_75, City_5, India",35
76,Customer_76,9100000076,"Address_76, City_6, India",36
77,Customer_77,9100000077,"Address_77, City_7, India",37
78,Customer_78,9100000078,"Address_78, City_8, India",38
79,Customer_79,9100000079,"Address_79, City_9, India",39
80,Customer_80,9100000080,"Address_80, City_0, India",40
81,Customer_81,9100000081,"Address_81, City_1, India",41
82,Customer_82,9100000082,"Address_82, City_2, India",42
83,Customer_83,9100000083,"Address_83, City_3, India",43
84,Customer_84,9100000084,"Address_84, City_4, India",44
85,Customer_85,9100000085,"Address_85, City_5, India",45
86,Customer_86,9100000086,"Address_86, City_6, India",46
87,Customer_87,9100000087,"Address_87, City_7, India",47
88,Customer_88,9100000088,"Address_88, City_8, India",48
89,Customer_89,9100000089,"Address_89, City_9, India",49
90,Customer_90,9100000090,"Address_90, City_0, India",20
91,Customer_91,9100000091,"Address_91, City_1, India",21
92,Customer_92,9100000092,"Address_92, City_2, India",22
93,Customer_93,9100000093,"Address_93, City_3, India",23
94,Customer_94,9100000094,"Address_94, City_4, India",24
95,Customer_95,9100000095,"Address_95, City_5, India",25
96,Customer_96,9100000096,"Address_96, City_6, India",26
97,Customer_97,9100000097,"Address_97, City_7, India",27
98,Customer_98,9100000098,"Address_98, City_8, India",28
99,Customer_99,9100000099,"Address_99, City_9, India",29
100,Amrit Kishore,9100000100,"Address_100, City_0, India",17
